"Variable / Field Name","Form Name","Section Header","Field Type","Field Label","Choices, Calculations, OR Slider Labels","Field Note","Text Validation Type OR Show Slider Number","Text Validation Min","Text Validation Max",Identifier?,"Branching Logic (Show field only if...)","Required Field?","Custom Alignment","Question Number (surveys only)","Matrix Group Name","Matrix Ranking?","Field Annotation"
sssqpost_i14_s1_r1_e1,sssqpost_s1_r1_e1,"Please indicate how true each statement is of your thoughts while performing the task.

________________________________________________________________________________________
Not at all = 1  A little bit = 2   Somewhat = 3   Very much = 4   Extremely = 5",radio,"I tried to figure myself out.","1, 1 | 2, 2 | 3, 3 | 4, 4 | 5, 5",,,,,,,y,,,sssq_post_feelings_s1_r1_e1,,
sssqpost_i15_s1_r1_e1,sssqpost_s1_r1_e1,,radio,"I reflected about myself.","1, 1 | 2, 2 | 3, 3 | 4, 4 | 5, 5",,,,,,,y,,,sssq_post_feelings_s1_r1_e1,,
sssqpost_i16_s1_r1_e1,sssqpost_s1_r1_e1,,radio,"I daydreamed about myself.","1, 1 | 2, 2 | 3, 3 | 4, 4 | 5, 5",,,,,,,y,,,sssq_post_feelings_s1_r1_e1,,
sssqpost_i18_s1_r1_e1,sssqpost_s1_r1_e1,,radio,"I felt self-conscious.","1, 1 | 2, 2 | 3, 3 | 4, 4 | 5, 5",,,,,,,y,,,sssq_post_feelings_s1_r1_e1,,
sssqpost_i19_s1_r1_e1,sssqpost_s1_r1_e1,,radio,"I was worried about what other people would think of me.","1, 1 | 2, 2 | 3, 3 | 4, 4 | 5, 5",,,,,,,y,,,sssq_post_feelings_s1_r1_e1,,
sssqpost_i20_s1_r1_e1,sssqpost_s1_r1_e1,,radio,"I was concerned about the impression I was making.","1, 1 | 2, 2 | 3, 3 | 4, 4 | 5, 5",,,,,,,y,,,sssq_post_feelings_s1_r1_e1,,
sssqpost_i23_s1_r1_e1,sssqpost_s1_r1_e1,,radio,"I thought about how others have done on this task.","1, 1 | 2, 2 | 3, 3 | 4, 4 | 5, 5",,,,,,,y,,,sssq_post_feelings_s1_r1_e1,,
sssqpost_i24_s1_r1_e1,sssqpost_s1_r1_e1,,radio,"I thought about how I would feel if I were told how I performed.","1, 1 | 2, 2 | 3, 3 | 4, 4 | 5, 5",,,,,,,y,,,sssq_post_feelings_s1_r1_e1,,
