"Variable / Field Name","Form Name","Section Header","Field Type","Field Label","Choices, Calculations, OR Slider Labels","Field Note","Text Validation Type OR Show Slider Number","Text Validation Min","Text Validation Max",Identifier?,"Branching Logic (Show field only if...)","Required Field?","Custom Alignment","Question Number (surveys only)","Matrix Group Name","Matrix Ranking?","Field Annotation"
sssqpre_b_i14_s1_r1_e1,sssqpre_b_s1_r1_e1,"Please indicate how true each statement is of your thoughts during the past ten minutes.

________________________________________________________________________________________
Not at all = 1  A little bit = 2   Somewhat = 3   Very much = 4   Extremely = 5",radio,"I am trying to figure myself out.","1, 1 | 2, 2 | 3, 3 | 4, 4 | 5, 5",,,,,,,y,,,sssqpre_b_feelings_s1_r1_e1,,
sssqpre_b_i15_s1_r1_e1,sssqpre_b_s1_r1_e1,,radio,"I am reflecting about myself.","1, 1 | 2, 2 | 3, 3 | 4, 4 | 5, 5",,,,,,,y,,,sssqpre_b_feelings_s1_r1_e1,,
sssqpre_b_i16_s1_r1_e1,sssqpre_b_s1_r1_e1,,radio,"I am daydreaming about myself.","1, 1 | 2, 2 | 3, 3 | 4, 4 | 5, 5",,,,,,,y,,,sssqpre_b_feelings_s1_r1_e1,,
sssqpre_b_i18_s1_r1_e1,sssqpre_b_s1_r1_e1,,radio,"I feel self-conscious.","1, 1 | 2, 2 | 3, 3 | 4, 4 | 5, 5",,,,,,,y,,,sssqpre_b_feelings_s1_r1_e1,,
sssqpre_b_i19_s1_r1_e1,sssqpre_b_s1_r1_e1,,radio,"I am worried about what other people think of me.","1, 1 | 2, 2 | 3, 3 | 4, 4 | 5, 5",,,,,,,y,,,sssqpre_b_feelings_s1_r1_e1,,
sssqpre_b_i20_s1_r1_e1,sssqpre_b_s1_r1_e1,,radio,"I am concerned about the impression I was making.","1, 1 | 2, 2 | 3, 3 | 4, 4 | 5, 5",,,,,,,y,,,sssqpre_b_feelings_s1_r1_e1,,
sssqpre_b_i23_s1_r1_e1,sssqpre_b_s1_r1_e1,,radio,"I thought about how others have done on the task.","1, 1 | 2, 2 | 3, 3 | 4, 4 | 5, 5",,,,,,,y,,,sssqpre_b_feelings_s1_r1_e1,,
sssqpre_b_i24_s1_r1_e1,sssqpre_b_s1_r1_e1,,radio,"I thought about how I would feel if I were told how I would perform.","1, 1 | 2, 2 | 3, 3 | 4, 4 | 5, 5",,,,,,,y,,,sssqpre_b_feelings_s1_r1_e1,,
